label,top_left_x,top_left_y,width,height,image_name,image_width,image_height
Brown-throated Sunbird,23,83,138,73,Brown-throated Sunbird-6.png,224,224
Brown-throated Sunbird,74,100,34,50,Brown-throated Sunbird-39.png,224,224
Olive-backed Sunbird,45,80,80,102,Olive-backed Sunbird-64.png,224,224
Brown-throated Sunbird,118,84,44,77,Brown-throated Sunbird-83.png,224,224
Olive-backed Sunbird,53,52,111,138,Olive-backed Sunbird-124.png,224,224
Pink-necked Green Pigeon,129,41,72,67,Pink-necked Green Pigeon-74.png,224,224
Olive-backed Sunbird,0,57,167,130,Olive-backed Sunbird-87.png,224,224
Black-naped Oriole,101,135,19,35,Black-naped Oriole-22.png,224,224
Brown-throated Sunbird,67,47,88,132,Brown-throated Sunbird-60.png,224,224
Spotted Dove,71,83,73,47,Spotted Dove-1.png,224,224
Black-naped Oriole,106,126,40,45,Black-naped Oriole-89.png,224,224
Spotted Dove,75,84,72,56,Spotted Dove-121.png,224,224
Collared Kingfisher,35,39,153,185,Collared Kingfisher-75.png,224,224
Collared Kingfisher,72,14,86,198,Collared Kingfisher-59.png,224,224
Javan Myna,145,80,16,29,Javan Myna-40.png,224,224
Pink-necked Green Pigeon,12,31,212,160,Pink-necked Green Pigeon-114.png,224,224
White-breasted Waterhen,69,93,70,43,White-breasted Waterhen-90.png,224,224
Olive-backed Sunbird,71,69,143,99,Olive-backed Sunbird-88.png,224,224
Brown-throated Sunbird,64,188,34,36,Brown-throated Sunbird-49.png,224,224
Brown-throated Sunbird,127,78,39,45,Brown-throated Sunbird-95.png,224,224
Pink-necked Green Pigeon,86,33,40,63,Pink-necked Green Pigeon-51.png,224,224
Spotted Dove,90,93,66,47,Spotted Dove-2.png,224,224
Brown-throated Sunbird,94,54,83,152,Brown-throated Sunbird-74.png,224,224
White-breasted Waterhen,40,120,91,47,White-breasted Waterhen-9.png,224,224
Olive-backed Sunbird,140,74,51,98,Olive-backed Sunbird-14.png,224,224
Javan Myna,109,82,50,39,Javan Myna-75.png,224,224
Pink-necked Green Pigeon,94,87,65,81,Pink-necked Green Pigeon-28.png,224,224
Spotted Dove,48,57,126,116,Spotted Dove-21.png,224,224
Spotted Dove,69,53,58,105,Spotted Dove-109.png,224,224
White-breasted Waterhen,21,51,170,152,White-breasted Waterhen-16.png,224,224
Collared Kingfisher,113,120,25,22,Collared Kingfisher-83.png,224,224
Brown-throated Sunbird,78,68,51,74,Brown-throated Sunbird-14.png,224,224
Striated Heron,23,54,133,145,Striated Heron-12.png,224,224
Yellow-vented Bulbul,66,83,83,135,Yellow-vented Bulbul-20.png,224,224
Collared Kingfisher,63,92,75,71,Collared Kingfisher-48.png,224,224
Javan Myna,30,43,147,146,Javan Myna-11.png,224,224
Striated Heron,63,94,83,54,Striated Heron-59.png,224,224
Spotted Dove,85,130,64,40,Spotted Dove-34.png,224,224
Striated Heron,59,78,101,84,Striated Heron-43.png,224,224
Spotted Dove,50,82,58,97,Spotted Dove-95.png,224,224
Javan Myna,84,124,27,26,Javan Myna-99.png,224,224
White-breasted Waterhen,65,103,44,33,White-breasted Waterhen-65.png,224,224
Black-naped Oriole,86,74,49,54,Black-naped Oriole-105.png,224,224
Pink-necked Green Pigeon,89,99,134,68,Pink-necked Green Pigeon-116.png,224,224
White-breasted Waterhen,86,97,73,48,White-breasted Waterhen-118.png,224,224
Striated Heron,122,72,55,30,Striated Heron-26.png,224,224
Olive-backed Sunbird,67,40,78,155,Olive-backed Sunbird-133.png,224,224
Spotted Dove,76,20,71,167,Spotted Dove-94.png,224,224
Collared Kingfisher,113,89,24,32,Collared Kingfisher-3.png,224,224
Yellow-vented Bulbul,86,76,69,74,Yellow-vented Bulbul-60.png,224,224
White-breasted Waterhen,111,103,48,51,White-breasted Waterhen-30.png,224,224
Pink-necked Green Pigeon,47,49,103,134,Pink-necked Green Pigeon-129.png,224,224
Javan Myna,154,118,44,42,Javan Myna-5.png,224,224
Yellow-vented Bulbul,87,77,53,80,Yellow-vented Bulbul-50.png,224,224
Javan Myna,83,68,56,88,Javan Myna-121.png,224,224
Spotted Dove,57,125,83,35,Spotted Dove-127.png,224,224
Striated Heron,77,35,89,172,Striated Heron-4.png,224,224
Olive-backed Sunbird,97,105,60,43,Olive-backed Sunbird-52.png,224,224
Black-naped Oriole,92,76,41,55,Black-naped Oriole-13.png,224,224
Black-naped Oriole,72,54,45,69,Black-naped Oriole-114.png,224,224
Striated Heron,27,55,180,123,Striated Heron-47.png,224,224
Javan Myna,0,23,191,189,Javan Myna-74.png,224,224
Yellow-vented Bulbul,78,97,36,57,Yellow-vented Bulbul-66.png,224,224
Olive-backed Sunbird,39,62,166,116,Olive-backed Sunbird-110.png,224,224
Yellow-vented Bulbul,91,66,23,34,Yellow-vented Bulbul-24.png,224,224
Striated Heron,21,40,57,105,Striated Heron-84.png,224,224
Collared Kingfisher,145,88,34,51,Collared Kingfisher-89.png,224,224
Black-naped Oriole,69,94,56,75,Black-naped Oriole-87.png,224,224
White-breasted Waterhen,28,90,58,104,White-breasted Waterhen-47.png,224,224
Striated Heron,65,105,63,95,Striated Heron-97.png,224,224
Collared Kingfisher,146,88,78,82,Collared Kingfisher-77.png,224,224
Pink-necked Green Pigeon,94,90,27,55,Pink-necked Green Pigeon-11.png,224,224
Black-naped Oriole,97,85,44,34,Black-naped Oriole-86.png,224,224
Brown-throated Sunbird,95,85,36,79,Brown-throated Sunbird-11.png,224,224
Brown-throated Sunbird,24,84,125,76,Brown-throated Sunbird-21.png,224,224
Black-naped Oriole,69,81,155,95,Black-naped Oriole-84.png,224,224
Spotted Dove,28,29,196,171,Spotted Dove-17.png,224,224
Collared Kingfisher,31,32,168,169,Collared Kingfisher-37.png,224,224
Yellow-vented Bulbul,44,26,139,172,Yellow-vented Bulbul-112.png,224,224
Yellow-vented Bulbul,72,48,24,64,Yellow-vented Bulbul-108.png,224,224
Javan Myna,38,76,152,112,Javan Myna-119.png,224,224
Striated Heron,93,82,56,55,Striated Heron-41.png,224,224
Yellow-vented Bulbul,100,68,32,65,Yellow-vented Bulbul-17.png,224,224
Collared Kingfisher,48,19,127,191,Collared Kingfisher-73.png,224,224
White-breasted Waterhen,125,72,38,89,White-breasted Waterhen-70.png,224,224
Brown-throated Sunbird,49,1,120,109,Brown-throated Sunbird-111.png,224,224
Brown-throated Sunbird,36,59,117,99,Brown-throated Sunbird-65.png,224,224
Yellow-vented Bulbul,31,29,173,194,Yellow-vented Bulbul-15.png,224,224
Striated Heron,97,83,40,81,Striated Heron-27.png,224,224
Olive-backed Sunbird,66,89,66,55,Olive-backed Sunbird-90.png,224,224
Olive-backed Sunbird,51,63,24,34,Olive-backed Sunbird-23.png,224,224
Spotted Dove,3,16,189,191,Spotted Dove-3.png,224,224
Olive-backed Sunbird,39,31,129,186,Olive-backed Sunbird-126.png,224,224
Brown-throated Sunbird,96,101,128,91,Brown-throated Sunbird-42.png,224,224
Collared Kingfisher,71,128,88,80,Collared Kingfisher-45.png,224,224
White-breasted Waterhen,32,41,192,115,White-breasted Waterhen-37.png,224,224
Spotted Dove,83,141,56,52,Spotted Dove-62.png,224,224
Spotted Dove,82,122,64,23,Spotted Dove-68.png,224,224
Javan Myna,131,72,42,49,Javan Myna-100.png,224,224
White-breasted Waterhen,83,100,66,105,White-breasted Waterhen-23.png,224,224
Brown-throated Sunbird,73,93,61,48,Brown-throated Sunbird-45.png,224,224
Spotted Dove,61,59,162,121,Spotted Dove-120.png,224,224
Javan Myna,112,19,65,59,Javan Myna-43.png,224,224
Olive-backed Sunbird,72,93,26,12,Olive-backed Sunbird-18.png,224,224
Collared Kingfisher,97,128,61,46,Collared Kingfisher-33.png,224,224
Spotted Dove,66,57,84,102,Spotted Dove-33.png,224,224
Brown-throated Sunbird,97,88,35,48,Brown-throated Sunbird-94.png,224,224
Spotted Dove,96,94,47,52,Spotted Dove-139.png,224,224
Spotted Dove,56,44,158,86,Spotted Dove-87.png,224,224
Pink-necked Green Pigeon,72,75,70,149,Pink-necked Green Pigeon-24.png,224,224
Spotted Dove,47,78,128,84,Spotted Dove-108.png,224,224
Javan Myna,68,77,81,81,Javan Myna-68.png,224,224
Collared Kingfisher,103,97,14,20,Collared Kingfisher-101.png,224,224
Striated Heron,126,90,27,53,Striated Heron-22.png,224,224
Yellow-vented Bulbul,75,67,62,44,Yellow-vented Bulbul-84.png,224,224
Striated Heron,48,77,129,99,Striated Heron-123.png,224,224
Striated Heron,70,93,89,32,Striated Heron-79.png,224,224
Javan Myna,39,0,6,11,Javan Myna-49.png,224,224
Olive-backed Sunbird,80,34,126,181,Olive-backed Sunbird-107.png,224,224
Olive-backed Sunbird,73,92,57,25,Olive-backed Sunbird-125.png,224,224
Spotted Dove,50,57,94,99,Spotted Dove-14.png,224,224
Brown-throated Sunbird,65,72,43,33,Brown-throated Sunbird-70.png,224,224
Javan Myna,88,86,40,43,Javan Myna-5.png,224,224
Yellow-vented Bulbul,65,109,36,54,Yellow-vented Bulbul-100.png,224,224
White-breasted Waterhen,79,75,53,54,White-breasted Waterhen-106.png,224,224
White-breasted Waterhen,98,83,77,59,White-breasted Waterhen-35.png,224,224
Collared Kingfisher,117,93,21,19,Collared Kingfisher-98.png,224,224
Pink-necked Green Pigeon,37,71,61,58,Pink-necked Green Pigeon-84.png,224,224
Olive-backed Sunbird,59,56,165,137,Olive-backed Sunbird-118.png,224,224
Brown-throated Sunbird,103,115,28,32,Brown-throated Sunbird-134.png,224,224
Spotted Dove,74,71,86,79,Spotted Dove-40.png,224,224
Spotted Dove,69,110,51,21,Spotted Dove-84.png,224,224
Spotted Dove,33,67,158,80,Spotted Dove-31.png,224,224
Collared Kingfisher,6,26,202,180,Collared Kingfisher-8.png,224,224
White-breasted Waterhen,111,83,112,115,White-breasted Waterhen-44.png,224,224
Yellow-vented Bulbul,162,114,27,30,Yellow-vented Bulbul-33.png,224,224
Pink-necked Green Pigeon,93,101,24,20,Pink-necked Green Pigeon-42.png,224,224
Brown-throated Sunbird,67,106,52,30,Brown-throated Sunbird-104.png,224,224
Olive-backed Sunbird,133,99,55,114,Olive-backed Sunbird-42.png,224,224
Striated Heron,64,65,101,101,Striated Heron-103.png,224,224
White-breasted Waterhen,108,79,83,72,White-breasted Waterhen-78.png,224,224
Javan Myna,83,64,39,104,Javan Myna-33.png,224,224
Spotted Dove,39,81,42,51,Spotted Dove-42.png,224,224
White-breasted Waterhen,33,35,100,186,White-breasted Waterhen-96.png,224,224
Black-naped Oriole,67,112,94,112,Black-naped Oriole-18.png,224,224
Yellow-vented Bulbul,43,32,75,141,Yellow-vented Bulbul-79.png,224,224
Collared Kingfisher,100,106,40,56,Collared Kingfisher-93.png,224,224
Pink-necked Green Pigeon,84,47,57,116,Pink-necked Green Pigeon-79.png,224,224
Black-naped Oriole,58,47,67,65,Black-naped Oriole-20.png,224,224
Black-naped Oriole,104,107,29,22,Black-naped Oriole-60.png,224,224
Collared Kingfisher,92,113,24,24,Collared Kingfisher-64.png,224,224
Javan Myna,14,10,168,198,Javan Myna-116.png,224,224
Black-naped Oriole,70,109,47,72,Black-naped Oriole-58.png,224,224
Black-naped Oriole,103,82,31,35,Black-naped Oriole-111.png,224,224
Brown-throated Sunbird,53,88,90,43,Brown-throated Sunbird-53.png,224,224
White-breasted Waterhen,6,69,148,143,White-breasted Waterhen-55.png,224,224
Pink-necked Green Pigeon,89,95,53,39,Pink-necked Green Pigeon-45.png,224,224
Brown-throated Sunbird,81,107,80,40,Brown-throated Sunbird-64.png,224,224
Spotted Dove,1,108,50,61,Spotted Dove-81.png,224,224
Javan Myna,54,42,12,14,Javan Myna-97.png,224,224
Collared Kingfisher,62,88,88,44,Collared Kingfisher-5.png,224,224
Black-naped Oriole,98,90,11,11,Black-naped Oriole-37.png,224,224
Black-naped Oriole,104,92,26,39,Black-naped Oriole-98.png,224,224
Yellow-vented Bulbul,102,66,121,134,Yellow-vented Bulbul-131.png,224,224
Spotted Dove,30,87,104,89,Spotted Dove-9.png,224,224
Olive-backed Sunbird,73,107,32,29,Olive-backed Sunbird-74.png,224,224
White-breasted Waterhen,19,55,74,73,White-breasted Waterhen-117.png,224,224
Black-naped Oriole,86,109,39,17,Black-naped Oriole-100.png,224,224
Brown-throated Sunbird,108,53,88,97,Brown-throated Sunbird-136.png,224,224
Olive-backed Sunbird,90,90,95,95,Olive-backed Sunbird-48.png,224,224
Yellow-vented Bulbul,65,35,46,80,Yellow-vented Bulbul-45.png,224,224
Pink-necked Green Pigeon,50,80,90,133,Pink-necked Green Pigeon-115.png,224,224
Black-naped Oriole,93,164,28,17,Black-naped Oriole-101.png,224,224
Striated Heron,28,61,138,138,Striated Heron-66.png,224,224
Javan Myna,104,71,33,48,Javan Myna-100.png,224,224
White-breasted Waterhen,77,101,147,123,White-breasted Waterhen-13.png,224,224
Olive-backed Sunbird,94,76,26,39,Olive-backed Sunbird-45.png,224,224
Spotted Dove,54,79,109,64,Spotted Dove-71.png,224,224
Brown-throated Sunbird,88,104,52,43,Brown-throated Sunbird-106.png,224,224
Pink-necked Green Pigeon,28,64,63,69,Pink-necked Green Pigeon-41.png,224,224
Collared Kingfisher,51,69,95,83,Collared Kingfisher-54.png,224,224
Black-naped Oriole,140,75,53,49,Black-naped Oriole-41.png,224,224
Brown-throated Sunbird,76,81,67,65,Brown-throated Sunbird-57.png,224,224
Yellow-vented Bulbul,76,73,26,38,Yellow-vented Bulbul-68.png,224,224
Pink-necked Green Pigeon,83,106,57,31,Pink-necked Green Pigeon-14.png,224,224
Black-naped Oriole,86,99,30,49,Black-naped Oriole-27.png,224,224
White-breasted Waterhen,47,57,74,78,White-breasted Waterhen-128.png,224,224
Striated Heron,111,99,43,56,Striated Heron-63.png,224,224
Brown-throated Sunbird,59,89,88,135,Brown-throated Sunbird-30.png,224,224
Spotted Dove,47,58,41,35,Spotted Dove-57.png,224,224
Brown-throated Sunbird,20,61,147,58,Brown-throated Sunbird-17.png,224,224
Yellow-vented Bulbul,73,47,80,119,Yellow-vented Bulbul-128.png,224,224
White-breasted Waterhen,29,28,170,180,White-breasted Waterhen-73.png,224,224
Olive-backed Sunbird,57,48,103,97,Olive-backed Sunbird-11.png,224,224
Collared Kingfisher,91,2,24,20,Collared Kingfisher-2.png,224,224
Javan Myna,55,119,82,54,Javan Myna-34.png,224,224
Yellow-vented Bulbul,134,74,40,75,Yellow-vented Bulbul-81.png,224,224
Striated Heron,105,95,13,41,Striated Heron-49.png,224,224
Olive-backed Sunbird,14,99,148,75,Olive-backed Sunbird-46.png,224,224
Olive-backed Sunbird,75,62,63,143,Olive-backed Sunbird-148.png,224,224
Javan Myna,74,62,63,118,Javan Myna-122.png,224,224
Striated Heron,92,85,44,61,Striated Heron-17.png,224,224
Black-naped Oriole,66,70,82,81,Black-naped Oriole-54.png,224,224
Striated Heron,59,65,79,74,Striated Heron-116.png,224,224
Javan Myna,154,148,40,45,Javan Myna-84.png,224,224
White-breasted Waterhen,117,27,39,65,White-breasted Waterhen-74.png,224,224
White-breasted Waterhen,42,128,26,29,White-breasted Waterhen-46.png,224,224
Collared Kingfisher,0,22,224,185,Collared Kingfisher-82.png,224,224
Striated Heron,74,89,123,91,Striated Heron-138.png,224,224
Striated Heron,95,95,39,27,Striated Heron-80.png,224,224
Yellow-vented Bulbul,73,41,49,52,Yellow-vented Bulbul-10.png,224,224
Pink-necked Green Pigeon,101,146,34,45,Pink-necked Green Pigeon-25.png,224,224
Pink-necked Green Pigeon,39,68,62,91,Pink-necked Green Pigeon-10.png,224,224
Pink-necked Green Pigeon,74,91,51,32,Pink-necked Green Pigeon-4.png,224,224
Javan Myna,15,87,95,62,Javan Myna-108.png,224,224
Pink-necked Green Pigeon,64,36,88,117,Pink-necked Green Pigeon-27.png,224,224
White-breasted Waterhen,61,75,80,57,White-breasted Waterhen-108.png,224,224
White-breasted Waterhen,153,93,60,90,White-breasted Waterhen-50.png,224,224
Collared Kingfisher,104,97,22,33,Collared Kingfisher-6.png,224,224
Brown-throated Sunbird,80,94,27,52,Brown-throated Sunbird-27.png,224,224
Javan Myna,42,56,54,53,Javan Myna-104.png,224,224
Pink-necked Green Pigeon,22,38,118,152,Pink-necked Green Pigeon-49.png,224,224
Black-naped Oriole,62,98,81,41,Black-naped Oriole-36.png,224,224
Striated Heron,39,65,76,41,Striated Heron-21.png,224,224
Javan Myna,122,123,16,18,Javan Myna-56.png,224,224
Striated Heron,82,38,65,150,Striated Heron-106.png,224,224
Black-naped Oriole,20,70,40,41,Black-naped Oriole-17.png,224,224
Yellow-vented Bulbul,106,57,59,132,Yellow-vented Bulbul-32.png,224,224
Brown-throated Sunbird,89,80,70,82,Brown-throated Sunbird-124.png,224,224
Javan Myna,122,97,36,56,Javan Myna-66.png,224,224
Yellow-vented Bulbul,16,23,162,199,Yellow-vented Bulbul-80.png,224,224
Pink-necked Green Pigeon,59,64,79,92,Pink-necked Green Pigeon-8.png,224,224
Javan Myna,132,108,8,14,Javan Myna-12.png,224,224
White-breasted Waterhen,80,103,67,57,White-breasted Waterhen-33.png,224,224
Brown-throated Sunbird,77,90,59,33,Brown-throated Sunbird-86.png,224,224
Spotted Dove,66,34,88,80,Spotted Dove-11.png,224,224
Collared Kingfisher,140,47,30,43,Collared Kingfisher-78.png,224,224
Brown-throated Sunbird,83,97,53,37,Brown-throated Sunbird-61.png,224,224
White-breasted Waterhen,76,50,130,117,White-breasted Waterhen-15.png,224,224
Spotted Dove,62,100,111,103,Spotted Dove-95.png,224,224
Striated Heron,71,43,88,142,Striated Heron-69.png,224,224
Olive-backed Sunbird,117,85,39,87,Olive-backed Sunbird-81.png,224,224
White-breasted Waterhen,59,105,49,51,White-breasted Waterhen-40.png,224,224
Black-naped Oriole,56,86,126,104,Black-naped Oriole-21.png,224,224
Striated Heron,56,66,63,81,Striated Heron-40.png,224,224
Yellow-vented Bulbul,59,81,69,54,Yellow-vented Bulbul-89.png,224,224
Pink-necked Green Pigeon,58,59,38,51,Pink-necked Green Pigeon-3.png,224,224
Pink-necked Green Pigeon,97,85,67,52,Pink-necked Green Pigeon-84.png,224,224
Javan Myna,40,65,130,91,Javan Myna-44.png,224,224
Pink-necked Green Pigeon,73,71,49,57,Pink-necked Green Pigeon-102.png,224,224
Yellow-vented Bulbul,101,47,103,161,Yellow-vented Bulbul-85.png,224,224
Spotted Dove,42,74,60,45,Spotted Dove-73.png,224,224
Striated Heron,92,121,40,30,Striated Heron-125.png,224,224
Black-naped Oriole,55,36,127,170,Black-naped Oriole-8.png,224,224
Collared Kingfisher,42,63,109,122,Collared Kingfisher-110.png,224,224
Pink-necked Green Pigeon,0,68,163,121,Pink-necked Green Pigeon-34.png,224,224
Pink-necked Green Pigeon,72,77,85,88,Pink-necked Green Pigeon-118.png,224,224
Spotted Dove,73,73,37,51,Spotted Dove-15.png,224,224
Yellow-vented Bulbul,87,94,50,48,Yellow-vented Bulbul-9.png,224,224
Javan Myna,79,66,84,99,Javan Myna-48.png,224,224
Yellow-vented Bulbul,76,45,89,162,Yellow-vented Bulbul-25.png,224,224
Black-naped Oriole,98,101,35,40,Black-naped Oriole-82.png,224,224
Striated Heron,120,113,36,22,Striated Heron-105.png,224,224
Striated Heron,75,90,49,34,Striated Heron-68.png,224,224
Olive-backed Sunbird,92,95,42,18,Olive-backed Sunbird-92.png,224,224
Spotted Dove,114,132,29,19,Spotted Dove-27.png,224,224
Collared Kingfisher,114,105,24,21,Collared Kingfisher-97.png,224,224
Brown-throated Sunbird,65,76,49,73,Brown-throated Sunbird-67.png,224,224
Black-naped Oriole,94,102,40,31,Black-naped Oriole-65.png,224,224
Yellow-vented Bulbul,0,140,92,59,Yellow-vented Bulbul-95.png,224,224
Olive-backed Sunbird,82,87,49,47,Olive-backed Sunbird-94.png,224,224
Collared Kingfisher,72,64,86,98,Collared Kingfisher-1.png,224,224
Pink-necked Green Pigeon,99,81,47,58,Pink-necked Green Pigeon-73.png,224,224
Spotted Dove,48,119,60,22,Spotted Dove-73.png,224,224
Pink-necked Green Pigeon,56,70,52,109,Pink-necked Green Pigeon-110.png,224,224
Brown-throated Sunbird,81,73,63,98,Brown-throated Sunbird-103.png,224,224
Javan Myna,105,67,104,89,Javan Myna-69.png,224,224
Pink-necked Green Pigeon,87,61,66,89,Pink-necked Green Pigeon-37.png,224,224
Pink-necked Green Pigeon,56,80,62,59,Pink-necked Green Pigeon-17.png,224,224
Yellow-vented Bulbul,1,48,194,104,Yellow-vented Bulbul-39.png,224,224
Yellow-vented Bulbul,88,69,25,85,Yellow-vented Bulbul-70.png,224,224
Black-naped Oriole,121,114,58,91,Black-naped Oriole-0.png,224,224
Black-naped Oriole,112,85,32,14,Black-naped Oriole-101.png,224,224
Yellow-vented Bulbul,92,83,57,35,Yellow-vented Bulbul-135.png,224,224
Javan Myna,74,46,97,127,Javan Myna-47.png,224,224
Javan Myna,36,107,15,20,Javan Myna-9.png,224,224
Collared Kingfisher,96,76,33,50,Collared Kingfisher-35.png,224,224
Javan Myna,70,82,87,55,Javan Myna-106.png,224,224
Spotted Dove,45,54,123,102,Spotted Dove-103.png,224,224
Javan Myna,7,69,38,75,Javan Myna-18.png,224,224
Pink-necked Green Pigeon,69,88,70,92,Pink-necked Green Pigeon-81.png,224,224
Collared Kingfisher,57,44,84,91,Collared Kingfisher-39.png,224,224
Striated Heron,98,96,46,50,Striated Heron-70.png,224,224
Yellow-vented Bulbul,115,78,44,44,Yellow-vented Bulbul-35.png,224,224
Javan Myna,127,121,26,40,Javan Myna-19.png,224,224
Collared Kingfisher,35,90,72,118,Collared Kingfisher-29.png,224,224
Javan Myna,62,45,128,161,Javan Myna-78.png,224,224
Pink-necked Green Pigeon,73,5,106,108,Pink-necked Green Pigeon-112.png,224,224
Pink-necked Green Pigeon,66,75,145,103,Pink-necked Green Pigeon-132.png,224,224
Yellow-vented Bulbul,97,69,31,70,Yellow-vented Bulbul-12.png,224,224
White-breasted Waterhen,21,26,203,179,White-breasted Waterhen-84.png,224,224
Olive-backed Sunbird,85,62,59,80,Olive-backed Sunbird-149.png,224,224
Yellow-vented Bulbul,87,75,61,97,Yellow-vented Bulbul-51.png,224,224
Yellow-vented Bulbul,24,71,81,72,Yellow-vented Bulbul-113.png,224,224
Yellow-vented Bulbul,89,52,101,148,Yellow-vented Bulbul-3.png,224,224
Olive-backed Sunbird,72,75,110,103,Olive-backed Sunbird-38.png,224,224
Black-naped Oriole,36,81,143,76,Black-naped Oriole-106.png,224,224
Yellow-vented Bulbul,104,106,25,63,Yellow-vented Bulbul-26.png,224,224
Javan Myna,120,97,25,43,Javan Myna-101.png,224,224
Black-naped Oriole,79,59,116,129,Black-naped Oriole-70.png,224,224
Pink-necked Green Pigeon,62,72,62,69,Pink-necked Green Pigeon-130.png,224,224
Black-naped Oriole,76,104,74,119,Black-naped Oriole-63.png,224,224
Brown-throated Sunbird,87,94,23,61,Brown-throated Sunbird-93.png,224,224
Black-naped Oriole,74,84,55,29,Black-naped Oriole-96.png,224,224
Yellow-vented Bulbul,107,63,42,60,Yellow-vented Bulbul-90.png,224,224
Pink-necked Green Pigeon,47,33,141,184,Pink-necked Green Pigeon-72.png,224,224
Brown-throated Sunbird,26,80,75,62,Brown-throated Sunbird-80.png,224,224
Striated Heron,15,23,173,192,Striated Heron-134.png,224,224
Black-naped Oriole,102,97,26,19,Black-naped Oriole-73.png,224,224
Spotted Dove,50,70,132,70,Spotted Dove-131.png,224,224
Collared Kingfisher,102,64,19,29,Collared Kingfisher-95.png,224,224
Collared Kingfisher,79,48,53,116,Collared Kingfisher-51.png,224,224
White-breasted Waterhen,52,57,172,157,White-breasted Waterhen-92.png,224,224
Pink-necked Green Pigeon,101,100,14,13,Pink-necked Green Pigeon-86.png,224,224
Striated Heron,82,101,55,41,Striated Heron-14.png,224,224
Striated Heron,68,79,80,35,Striated Heron-86.png,224,224
Olive-backed Sunbird,95,90,74,54,Olive-backed Sunbird-95.png,224,224
Striated Heron,67,120,54,75,Striated Heron-44.png,224,224
White-breasted Waterhen,93,89,40,41,White-breasted Waterhen-88.png,224,224
White-breasted Waterhen,87,71,94,64,White-breasted Waterhen-134.png,224,224
Olive-backed Sunbird,93,92,44,54,Olive-backed Sunbird-50.png,224,224
Spotted Dove,69,78,77,45,Spotted Dove-99.png,224,224
Yellow-vented Bulbul,101,79,33,54,Yellow-vented Bulbul-30.png,224,224
Javan Myna,122,50,16,28,Javan Myna-70.png,224,224
Collared Kingfisher,78,84,49,90,Collared Kingfisher-20.png,224,224
Javan Myna,73,59,70,97,Javan Myna-50.png,224,224
Javan Myna,68,74,76,83,Javan Myna-123.png,224,224
Striated Heron,64,91,84,37,Striated Heron-2.png,224,224
Yellow-vented Bulbul,105,82,54,66,Yellow-vented Bulbul-111.png,224,224
Black-naped Oriole,66,54,68,33,Black-naped Oriole-74.png,224,224
Yellow-vented Bulbul,76,81,61,87,Yellow-vented Bulbul-96.png,224,224
Yellow-vented Bulbul,93,95,31,41,Yellow-vented Bulbul-105.png,224,224
Collared Kingfisher,44,50,102,136,Collared Kingfisher-26.png,224,224
Spotted Dove,8,122,78,30,Spotted Dove-2.png,224,224
Olive-backed Sunbird,76,84,74,61,Olive-backed Sunbird-10.png,224,224
Javan Myna,74,81,80,72,Javan Myna-37.png,224,224
Collared Kingfisher,102,72,18,27,Collared Kingfisher-76.png,224,224
Olive-backed Sunbird,84,101,36,38,Olive-backed Sunbird-16.png,224,224
Striated Heron,83,90,58,39,Striated Heron-65.png,224,224
White-breasted Waterhen,104,114,23,16,White-breasted Waterhen-39.png,224,224
Pink-necked Green Pigeon,32,91,176,110,Pink-necked Green Pigeon-36.png,224,224
White-breasted Waterhen,77,51,91,79,White-breasted Waterhen-27.png,224,224
Brown-throated Sunbird,30,89,111,123,Brown-throated Sunbird-92.png,224,224
Pink-necked Green Pigeon,85,70,21,28,Pink-necked Green Pigeon-64.png,224,224
Javan Myna,69,57,85,114,Javan Myna-85.png,224,224
Olive-backed Sunbird,65,92,76,33,Olive-backed Sunbird-69.png,224,224
Black-naped Oriole,80,99,38,39,Black-naped Oriole-91.png,224,224
Javan Myna,126,99,45,62,Javan Myna-104.png,224,224
Black-naped Oriole,17,64,171,122,Black-naped Oriole-85.png,224,224
Spotted Dove,85,84,84,60,Spotted Dove-45.png,224,224
Javan Myna,108,92,27,38,Javan Myna-105.png,224,224
Pink-necked Green Pigeon,56,97,70,47,Pink-necked Green Pigeon-121.png,224,224
Brown-throated Sunbird,52,10,129,94,Brown-throated Sunbird-5.png,224,224
Yellow-vented Bulbul,48,81,51,97,Yellow-vented Bulbul-116.png,224,224
Pink-necked Green Pigeon,0,99,144,76,Pink-necked Green Pigeon-38.png,224,224
Javan Myna,33,15,131,195,Javan Myna-25.png,224,224
Spotted Dove,66,46,99,111,Spotted Dove-30.png,224,224
Spotted Dove,67,67,71,68,Spotted Dove-50.png,224,224
Javan Myna,66,50,81,126,Javan Myna-93.png,224,224
Striated Heron,86,89,49,44,Striated Heron-114.png,224,224
Yellow-vented Bulbul,81,30,64,181,Yellow-vented Bulbul-13.png,224,224
Javan Myna,66,96,85,81,Javan Myna-72.png,224,224
Javan Myna,90,119,17,31,Javan Myna-49.png,224,224
Javan Myna,109,82,38,95,Javan Myna-82.png,224,224
Spotted Dove,62,110,53,33,Spotted Dove-83.png,224,224
Yellow-vented Bulbul,75,63,62,82,Yellow-vented Bulbul-136.png,224,224
Striated Heron,88,83,51,90,Striated Heron-38.png,224,224
Javan Myna,36,15,31,37,Javan Myna-52.png,224,224
Yellow-vented Bulbul,95,60,73,99,Yellow-vented Bulbul-31.png,224,224
Brown-throated Sunbird,51,98,127,65,Brown-throated Sunbird-117.png,224,224
Olive-backed Sunbird,105,97,22,52,Olive-backed Sunbird-24.png,224,224
White-breasted Waterhen,70,88,69,33,White-breasted Waterhen-77.png,224,224
Brown-throated Sunbird,85,95,27,26,Brown-throated Sunbird-72.png,224,224
Olive-backed Sunbird,103,57,75,63,Olive-backed Sunbird-30.png,224,224
Brown-throated Sunbird,78,91,72,72,Brown-throated Sunbird-1.png,224,224
Brown-throated Sunbird,4,36,193,154,Brown-throated Sunbird-34.png,224,224
Spotted Dove,74,62,62,100,Spotted Dove-6.png,224,224
White-breasted Waterhen,86,124,50,54,White-breasted Waterhen-86.png,224,224
Striated Heron,44,32,150,183,Striated Heron-46.png,224,224
Spotted Dove,92,84,78,35,Spotted Dove-61.png,224,224
Brown-throated Sunbird,98,95,43,43,Brown-throated Sunbird-90.png,224,224
Javan Myna,86,83,59,63,Javan Myna-114.png,224,224
Spotted Dove,96,99,57,20,Spotted Dove-25.png,224,224
Collared Kingfisher,100,96,23,29,Collared Kingfisher-72.png,224,224
Javan Myna,102,88,14,34,Javan Myna-40.png,224,224
Javan Myna,79,90,37,67,Javan Myna-104.png,224,224
Pink-necked Green Pigeon,66,130,29,29,Pink-necked Green Pigeon-0.png,224,224
Olive-backed Sunbird,51,84,85,69,Olive-backed Sunbird-0.png,224,224
Spotted Dove,3,37,220,135,Spotted Dove-93.png,224,224
Yellow-vented Bulbul,75,86,22,33,Yellow-vented Bulbul-5.png,224,224
Brown-throated Sunbird,71,75,30,95,Brown-throated Sunbird-46.png,224,224
Pink-necked Green Pigeon,0,44,176,109,Pink-necked Green Pigeon-12.png,224,224
Yellow-vented Bulbul,115,18,72,180,Yellow-vented Bulbul-118.png,224,224
Yellow-vented Bulbul,123,63,50,118,Yellow-vented Bulbul-115.png,224,224
Pink-necked Green Pigeon,64,70,93,91,Pink-necked Green Pigeon-88.png,224,224
Brown-throated Sunbird,83,118,65,15,Brown-throated Sunbird-82.png,224,224
Spotted Dove,61,79,100,59,Spotted Dove-78.png,224,224
Black-naped Oriole,90,96,31,21,Black-naped Oriole-61.png,224,224
Javan Myna,124,71,12,16,Javan Myna-97.png,224,224
Javan Myna,113,93,32,50,Javan Myna-18.png,224,224
Pink-necked Green Pigeon,70,10,87,214,Pink-necked Green Pigeon-43.png,224,224
Yellow-vented Bulbul,83,102,64,107,Yellow-vented Bulbul-58.png,224,224
Collared Kingfisher,102,69,45,99,Collared Kingfisher-43.png,224,224
Brown-throated Sunbird,76,114,81,52,Brown-throated Sunbird-99.png,224,224
Striated Heron,56,76,133,106,Striated Heron-121.png,224,224
Yellow-vented Bulbul,72,10,55,121,Yellow-vented Bulbul-23.png,224,224
Collared Kingfisher,96,105,23,48,Collared Kingfisher-19.png,224,224
Pink-necked Green Pigeon,122,117,14,18,Pink-necked Green Pigeon-57.png,224,224
Pink-necked Green Pigeon,2,36,200,146,Pink-necked Green Pigeon-9.png,224,224
Black-naped Oriole,84,76,52,91,Black-naped Oriole-28.png,224,224
Yellow-vented Bulbul,104,83,34,43,Yellow-vented Bulbul-97.png,224,224
Olive-backed Sunbird,67,62,77,90,Olive-backed Sunbird-70.png,224,224
Spotted Dove,133,60,46,81,Spotted Dove-81.png,224,224
Collared Kingfisher,91,105,23,20,Collared Kingfisher-30.png,224,224
Black-naped Oriole,80,75,36,37,Black-naped Oriole-103.png,224,224
Olive-backed Sunbird,13,55,141,77,Olive-backed Sunbird-27.png,224,224
Spotted Dove,93,82,74,58,Spotted Dove-100.png,224,224
Olive-backed Sunbird,63,97,78,38,Olive-backed Sunbird-115.png,224,224
White-breasted Waterhen,79,36,72,101,White-breasted Waterhen-11.png,224,224
Collared Kingfisher,105,110,18,16,Collared Kingfisher-85.png,224,224
Javan Myna,0,101,15,36,Javan Myna-84.png,224,224
Collared Kingfisher,126,87,36,66,Collared Kingfisher-32.png,224,224
Black-naped Oriole,95,1,67,80,Black-naped Oriole-42.png,224,224
Collared Kingfisher,73,60,122,97,Collared Kingfisher-27.png,224,224
Javan Myna,179,38,27,37,Javan Myna-94.png,224,224
Black-naped Oriole,99,84,43,67,Black-naped Oriole-10.png,224,224
Javan Myna,45,57,147,115,Javan Myna-31.png,224,224
Javan Myna,57,62,124,104,Javan Myna-112.png,224,224
White-breasted Waterhen,88,89,49,36,White-breasted Waterhen-87.png,224,224
Javan Myna,109,94,36,63,Javan Myna-88.png,224,224
Spotted Dove,36,75,144,69,Spotted Dove-7.png,224,224
Yellow-vented Bulbul,120,91,57,80,Yellow-vented Bulbul-47.png,224,224
Pink-necked Green Pigeon,95,88,29,64,Pink-necked Green Pigeon-111.png,224,224
White-breasted Waterhen,96,83,79,107,White-breasted Waterhen-34.png,224,224
White-breasted Waterhen,47,78,115,59,White-breasted Waterhen-42.png,224,224
Javan Myna,52,88,94,101,Javan Myna-80.png,224,224
White-breasted Waterhen,46,136,47,39,White-breasted Waterhen-93.png,224,224
Black-naped Oriole,76,94,76,35,Black-naped Oriole-7.png,224,224
Olive-backed Sunbird,37,66,158,117,Olive-backed Sunbird-65.png,224,224
Yellow-vented Bulbul,102,96,29,35,Yellow-vented Bulbul-72.png,224,224
Brown-throated Sunbird,104,90,21,63,Brown-throated Sunbird-13.png,224,224
Spotted Dove,65,130,127,70,Spotted Dove-48.png,224,224
White-breasted Waterhen,97,27,127,102,White-breasted Waterhen-63.png,224,224
Brown-throated Sunbird,47,58,136,114,Brown-throated Sunbird-58.png,224,224
Spotted Dove,53,97,171,74,Spotted Dove-136.png,224,224
Striated Heron,64,63,93,86,Striated Heron-136.png,224,224
Striated Heron,72,114,32,19,Striated Heron-94.png,224,224
Olive-backed Sunbird,55,64,104,70,Olive-backed Sunbird-2.png,224,224
White-breasted Waterhen,51,38,103,159,White-breasted Waterhen-82.png,224,224
White-breasted Waterhen,109,101,108,47,White-breasted Waterhen-109.png,224,224
White-breasted Waterhen,53,72,123,46,White-breasted Waterhen-102.png,224,224
Pink-necked Green Pigeon,18,11,178,204,Pink-necked Green Pigeon-67.png,224,224
Collared Kingfisher,26,71,84,124,Collared Kingfisher-15.png,224,224
Striated Heron,65,115,50,80,Striated Heron-29.png,224,224
Olive-backed Sunbird,88,96,28,29,Olive-backed Sunbird-96.png,224,224
Black-naped Oriole,126,143,41,21,Black-naped Oriole-62.png,224,224
Yellow-vented Bulbul,78,86,109,43,Yellow-vented Bulbul-4.png,224,224
Olive-backed Sunbird,15,31,207,168,Olive-backed Sunbird-66.png,224,224
Brown-throated Sunbird,100,97,22,29,Brown-throated Sunbird-59.png,224,224
Javan Myna,136,75,17,31,Javan Myna-110.png,224,224
White-breasted Waterhen,68,76,76,57,White-breasted Waterhen-66.png,224,224
Yellow-vented Bulbul,71,90,38,73,Yellow-vented Bulbul-52.png,224,224
Collared Kingfisher,109,103,35,55,Collared Kingfisher-9.png,224,224
Olive-backed Sunbird,21,16,187,193,Olive-backed Sunbird-132.png,224,224
White-breasted Waterhen,94,97,37,73,White-breasted Waterhen-0.png,224,224
Spotted Dove,132,65,31,27,Spotted Dove-5.png,224,224
Javan Myna,40,123,84,85,Javan Myna-43.png,224,224
Spotted Dove,95,91,48,51,Spotted Dove-101.png,224,224
Black-naped Oriole,10,42,213,109,Black-naped Oriole-49.png,224,224
Pink-necked Green Pigeon,147,51,46,53,Pink-necked Green Pigeon-52.png,224,224
Olive-backed Sunbird,0,58,224,121,Olive-backed Sunbird-104.png,224,224
Javan Myna,104,67,95,99,Javan Myna-13.png,224,224
White-breasted Waterhen,57,54,133,123,White-breasted Waterhen-6.png,224,224
White-breasted Waterhen,96,85,33,31,White-breasted Waterhen-98.png,224,224
Spotted Dove,89,92,36,44,Spotted Dove-19.png,224,224
Brown-throated Sunbird,35,87,121,58,Brown-throated Sunbird-44.png,224,224
Javan Myna,47,61,120,115,Javan Myna-89.png,224,224
Collared Kingfisher,99,90,32,54,Collared Kingfisher-34.png,224,224
Collared Kingfisher,70,129,26,42,Collared Kingfisher-78.png,224,224
Striated Heron,41,74,159,85,Striated Heron-60.png,224,224
Olive-backed Sunbird,14,19,197,196,Olive-backed Sunbird-119.png,224,224
Javan Myna,59,64,109,96,Javan Myna-32.png,224,224
Pink-necked Green Pigeon,206,158,18,19,Pink-necked Green Pigeon-26.png,224,224
Striated Heron,93,84,46,37,Striated Heron-58.png,224,224
Olive-backed Sunbird,103,66,61,74,Olive-backed Sunbird-35.png,224,224
Spotted Dove,21,25,187,189,Spotted Dove-102.png,224,224
Spotted Dove,98,28,33,23,Spotted Dove-107.png,224,224
Pink-necked Green Pigeon,107,122,24,21,Pink-necked Green Pigeon-26.png,224,224
Pink-necked Green Pigeon,21,74,178,87,Pink-necked Green Pigeon-56.png,224,224
Striated Heron,147,68,42,76,Striated Heron-10.png,224,224
Black-naped Oriole,83,92,72,50,Black-naped Oriole-86.png,224,224
White-breasted Waterhen,50,29,127,171,White-breasted Waterhen-25.png,224,224
Olive-backed Sunbird,52,92,125,51,Olive-backed Sunbird-101.png,224,224
Olive-backed Sunbird,0,23,197,190,Olive-backed Sunbird-112.png,224,224
Javan Myna,40,20,74,121,Javan Myna-14.png,224,224
Javan Myna,59,67,103,85,Javan Myna-55.png,224,224
White-breasted Waterhen,15,25,209,138,White-breasted Waterhen-113.png,224,224
Javan Myna,70,52,66,105,Javan Myna-22.png,224,224
Brown-throated Sunbird,76,89,54,67,Brown-throated Sunbird-16.png,224,224
Pink-necked Green Pigeon,31,29,99,167,Pink-necked Green Pigeon-5.png,224,224
White-breasted Waterhen,86,98,53,76,White-breasted Waterhen-70.png,224,224
Yellow-vented Bulbul,89,95,57,20,Yellow-vented Bulbul-83.png,224,224
Black-naped Oriole,24,63,132,104,Black-naped Oriole-93.png,224,224
Spotted Dove,68,103,36,26,Spotted Dove-67.png,224,224
Striated Heron,90,101,43,35,Striated Heron-112.png,224,224
Brown-throated Sunbird,62,44,159,122,Brown-throated Sunbird-97.png,224,224
Pink-necked Green Pigeon,82,67,39,68,Pink-necked Green Pigeon-47.png,224,224
Javan Myna,70,96,13,39,Javan Myna-110.png,224,224
Javan Myna,116,93,23,20,Javan Myna-54.png,224,224
Brown-throated Sunbird,75,66,71,117,Brown-throated Sunbird-81.png,224,224
Pink-necked Green Pigeon,115,57,54,114,Pink-necked Green Pigeon-61.png,224,224
Yellow-vented Bulbul,43,103,43,84,Yellow-vented Bulbul-31.png,224,224
Brown-throated Sunbird,34,92,111,37,Brown-throated Sunbird-19.png,224,224
White-breasted Waterhen,104,94,32,30,White-breasted Waterhen-58.png,224,224
Striated Heron,98,95,92,89,Striated Heron-34.png,224,224
Striated Heron,47,96,91,96,Striated Heron-33.png,224,224
Olive-backed Sunbird,107,86,37,20,Olive-backed Sunbird-122.png,224,224
Collared Kingfisher,104,71,35,60,Collared Kingfisher-14.png,224,224
White-breasted Waterhen,66,88,97,56,White-breasted Waterhen-24.png,224,224
Black-naped Oriole,100,98,28,26,Black-naped Oriole-72.png,224,224
Brown-throated Sunbird,64,52,93,138,Brown-throated Sunbird-135.png,224,224
White-breasted Waterhen,105,101,39,27,White-breasted Waterhen-21.png,224,224
Collared Kingfisher,95,83,7,14,Collared Kingfisher-53.png,224,224
Pink-necked Green Pigeon,67,45,84,96,Pink-necked Green Pigeon-29.png,224,224
Black-naped Oriole,77,65,67,70,Black-naped Oriole-77.png,224,224
Yellow-vented Bulbul,126,156,64,26,Yellow-vented Bulbul-5.png,224,224
Striated Heron,39,70,97,127,Striated Heron-54.png,224,224
Black-naped Oriole,142,132,50,28,Black-naped Oriole-17.png,224,224
Brown-throated Sunbird,46,39,88,160,Brown-throated Sunbird-2.png,224,224
Javan Myna,90,56,49,87,Javan Myna-7.png,224,224
Striated Heron,60,96,82,50,Striated Heron-77.png,224,224
Pink-necked Green Pigeon,51,96,44,112,Pink-necked Green Pigeon-2.png,224,224
Brown-throated Sunbird,96,86,29,50,Brown-throated Sunbird-3.png,224,224
Striated Heron,9,49,170,99,Striated Heron-139.png,224,224
Black-naped Oriole,80,53,144,127,Black-naped Oriole-2.png,224,224
Black-naped Oriole,46,70,83,134,Black-naped Oriole-24.png,224,224
Brown-throated Sunbird,41,78,59,64,Brown-throated Sunbird-8.png,224,224
Spotted Dove,1,28,223,170,Spotted Dove-70.png,224,224
Olive-backed Sunbird,125,80,44,38,Olive-backed Sunbird-89.png,224,224
Pink-necked Green Pigeon,88,86,38,44,Pink-necked Green Pigeon-94.png,224,224
Yellow-vented Bulbul,77,103,29,52,Yellow-vented Bulbul-63.png,224,224
White-breasted Waterhen,66,89,79,45,White-breasted Waterhen-72.png,224,224
Javan Myna,86,103,29,37,Javan Myna-76.png,224,224
Olive-backed Sunbird,70,102,90,56,Olive-backed Sunbird-85.png,224,224
Brown-throated Sunbird,32,43,95,144,Brown-throated Sunbird-33.png,224,224
Pink-necked Green Pigeon,83,99,95,79,Pink-necked Green Pigeon-46.png,224,224
Javan Myna,122,58,39,69,Javan Myna-103.png,224,224
Olive-backed Sunbird,54,89,95,59,Olive-backed Sunbird-51.png,224,224
Olive-backed Sunbird,18,11,184,130,Olive-backed Sunbird-97.png,224,224
White-breasted Waterhen,53,69,89,97,White-breasted Waterhen-59.png,224,224
Black-naped Oriole,62,76,97,99,Black-naped Oriole-75.png,224,224
Olive-backed Sunbird,80,51,67,78,Olive-backed Sunbird-9.png,224,224
Striated Heron,111,65,38,59,Striated Heron-24.png,224,224
Collared Kingfisher,164,51,35,45,Collared Kingfisher-49.png,224,224
Yellow-vented Bulbul,110,91,22,32,Yellow-vented Bulbul-2.png,224,224
Pink-necked Green Pigeon,28,70,116,83,Pink-necked Green Pigeon-63.png,224,224
Spotted Dove,108,87,35,25,Spotted Dove-76.png,224,224
Striated Heron,91,98,51,41,Striated Heron-133.png,224,224
Black-naped Oriole,93,85,27,57,Black-naped Oriole-95.png,224,224
White-breasted Waterhen,69,76,70,67,White-breasted Waterhen-54.png,224,224
Yellow-vented Bulbul,74,62,117,132,Yellow-vented Bulbul-62.png,224,224
Striated Heron,28,62,161,82,Striated Heron-128.png,224,224
Brown-throated Sunbird,14,80,186,81,Brown-throated Sunbird-68.png,224,224
Pink-necked Green Pigeon,81,87,55,45,Pink-necked Green Pigeon-54.png,224,224
Javan Myna,163,149,22,63,Javan Myna-52.png,224,224
Collared Kingfisher,123,45,27,31,Collared Kingfisher-25.png,224,224
Olive-backed Sunbird,45,89,74,45,Olive-backed Sunbird-114.png,224,224
Collared Kingfisher,92,87,39,47,Collared Kingfisher-103.png,224,224
Spotted Dove,63,70,90,88,Spotted Dove-105.png,224,224
Striated Heron,64,78,99,84,Striated Heron-130.png,224,224
Brown-throated Sunbird,55,45,127,81,Brown-throated Sunbird-40.png,224,224
Yellow-vented Bulbul,89,72,62,108,Yellow-vented Bulbul-99.png,224,224
Spotted Dove,57,70,124,84,Spotted Dove-39.png,224,224
Black-naped Oriole,82,72,39,67,Black-naped Oriole-25.png,224,224
Collared Kingfisher,49,109,96,58,Collared Kingfisher-109.png,224,224
Javan Myna,204,44,20,32,Javan Myna-84.png,224,224
Collared Kingfisher,23,43,128,157,Collared Kingfisher-108.png,224,224
Spotted Dove,80,100,68,41,Spotted Dove-29.png,224,224
Pink-necked Green Pigeon,56,54,147,134,Pink-necked Green Pigeon-117.png,224,224
Striated Heron,114,93,60,35,Striated Heron-64.png,224,224
Pink-necked Green Pigeon,93,108,87,79,Pink-necked Green Pigeon-99.png,224,224
Pink-necked Green Pigeon,27,66,160,73,Pink-necked Green Pigeon-103.png,224,224
Striated Heron,92,84,45,48,Striated Heron-131.png,224,224
Olive-backed Sunbird,70,81,103,57,Olive-backed Sunbird-15.png,224,224
Brown-throated Sunbird,62,49,104,93,Brown-throated Sunbird-89.png,224,224
Olive-backed Sunbird,38,68,151,83,Olive-backed Sunbird-1.png,224,224
White-breasted Waterhen,97,84,36,43,White-breasted Waterhen-83.png,224,224
Pink-necked Green Pigeon,99,93,21,48,Pink-necked Green Pigeon-71.png,224,224
Striated Heron,73,101,67,75,Striated Heron-113.png,224,224
Olive-backed Sunbird,77,40,91,159,Olive-backed Sunbird-60.png,224,224
Collared Kingfisher,93,95,25,30,Collared Kingfisher-42.png,224,224
Spotted Dove,34,63,129,92,Spotted Dove-16.png,224,224
Yellow-vented Bulbul,140,113,41,29,Yellow-vented Bulbul-28.png,224,224
Striated Heron,0,34,213,176,Striated Heron-89.png,224,224
White-breasted Waterhen,88,87,54,39,White-breasted Waterhen-22.png,224,224
Javan Myna,65,82,23,25,Javan Myna-67.png,224,224
Olive-backed Sunbird,24,56,181,147,Olive-backed Sunbird-3.png,224,224
Collared Kingfisher,106,110,18,28,Collared Kingfisher-55.png,224,224
Black-naped Oriole,47,86,103,75,Black-naped Oriole-23.png,224,224
Black-naped Oriole,96,95,37,40,Black-naped Oriole-45.png,224,224
Spotted Dove,14,78,102,76,Spotted Dove-0.png,224,224
Collared Kingfisher,140,73,76,67,Collared Kingfisher-50.png,224,224
Yellow-vented Bulbul,93,105,55,42,Yellow-vented Bulbul-46.png,224,224
Olive-backed Sunbird,65,54,51,59,Olive-backed Sunbird-43.png,224,224
Black-naped Oriole,124,84,40,41,Black-naped Oriole-53.png,224,224
Yellow-vented Bulbul,97,76,68,63,Yellow-vented Bulbul-43.png,224,224
Black-naped Oriole,13,54,135,102,Black-naped Oriole-38.png,224,224
Javan Myna,91,55,39,111,Javan Myna-6.png,224,224
Black-naped Oriole,21,57,73,100,Black-naped Oriole-33.png,224,224
Pink-necked Green Pigeon,93,99,88,72,Pink-necked Green Pigeon-70.png,224,224
Spotted Dove,58,104,46,35,Spotted Dove-53.png,224,224
Spotted Dove,99,69,48,62,Spotted Dove-43.png,224,224
Black-naped Oriole,68,53,128,113,Black-naped Oriole-16.png,224,224
Collared Kingfisher,27,58,87,144,Collared Kingfisher-46.png,224,224
Pink-necked Green Pigeon,105,113,31,67,Pink-necked Green Pigeon-53.png,224,224
Striated Heron,105,114,96,61,Striated Heron-31.png,224,224
Olive-backed Sunbird,37,94,99,75,Olive-backed Sunbird-76.png,224,224
Striated Heron,94,95,32,36,Striated Heron-61.png,224,224
Black-naped Oriole,27,17,28,44,Black-naped Oriole-83.png,224,224
Yellow-vented Bulbul,96,89,54,67,Yellow-vented Bulbul-98.png,224,224
Javan Myna,190,117,21,25,Javan Myna-9.png,224,224
Javan Myna,32,63,105,110,Javan Myna-103.png,224,224
White-breasted Waterhen,46,37,125,129,White-breasted Waterhen-122.png,224,224
Collared Kingfisher,74,96,34,31,Collared Kingfisher-17.png,224,224
Spotted Dove,91,115,48,65,Spotted Dove-104.png,224,224
Collared Kingfisher,94,103,7,13,Collared Kingfisher-88.png,224,224
Brown-throated Sunbird,89,94,29,45,Brown-throated Sunbird-56.png,224,224
Collared Kingfisher,122,101,74,73,Collared Kingfisher-79.png,224,224
Collared Kingfisher,90,86,30,54,Collared Kingfisher-18.png,224,224
Striated Heron,90,140,31,38,Striated Heron-6.png,224,224
Javan Myna,54,114,58,30,Javan Myna-105.png,224,224
Yellow-vented Bulbul,44,117,96,44,Yellow-vented Bulbul-35.png,224,224
Collared Kingfisher,122,43,49,56,Collared Kingfisher-68.png,224,224
Olive-backed Sunbird,18,50,163,92,Olive-backed Sunbird-58.png,224,224
Olive-backed Sunbird,78,107,58,34,Olive-backed Sunbird-26.png,224,224
Spotted Dove,0,31,217,165,Spotted Dove-46.png,224,224
Spotted Dove,72,47,118,151,Spotted Dove-140.png,224,224
Olive-backed Sunbird,50,42,157,135,Olive-backed Sunbird-37.png,224,224
Yellow-vented Bulbul,34,51,61,164,Yellow-vented Bulbul-118.png,224,224
Brown-throated Sunbird,75,68,47,36,Brown-throated Sunbird-130.png,224,224
Javan Myna,35,59,153,107,Javan Myna-86.png,224,224
Brown-throated Sunbird,45,3,116,213,Brown-throated Sunbird-7.png,224,224
Brown-throated Sunbird,115,82,48,32,Brown-throated Sunbird-101.png,224,224
Yellow-vented Bulbul,76,94,32,70,Yellow-vented Bulbul-6.png,224,224
Pink-necked Green Pigeon,93,93,23,19,Pink-necked Green Pigeon-26.png,224,224
Striated Heron,83,76,45,81,Striated Heron-18.png,224,224
Black-naped Oriole,65,100,34,29,Black-naped Oriole-92.png,224,224
Yellow-vented Bulbul,111,80,23,35,Yellow-vented Bulbul-22.png,224,224
White-breasted Waterhen,23,93,53,54,White-breasted Waterhen-14.png,224,224
Javan Myna,54,104,15,29,Javan Myna-40.png,224,224
White-breasted Waterhen,72,87,73,52,White-breasted Waterhen-76.png,224,224
Black-naped Oriole,169,41,30,48,Black-naped Oriole-17.png,224,224
Black-naped Oriole,95,125,34,35,Black-naped Oriole-9.png,224,224
White-breasted Waterhen,110,106,58,52,White-breasted Waterhen-132.png,224,224
Collared Kingfisher,60,78,82,74,Collared Kingfisher-111.png,224,224
White-breasted Waterhen,52,112,32,27,White-breasted Waterhen-133.png,224,224
Black-naped Oriole,42,102,120,69,Black-naped Oriole-57.png,224,224
Pink-necked Green Pigeon,112,57,59,57,Pink-necked Green Pigeon-59.png,224,224
Javan Myna,26,72,109,97,Javan Myna-28.png,224,224
Brown-throated Sunbird,100,34,65,95,Brown-throated Sunbird-73.png,224,224
Striated Heron,66,92,82,32,Striated Heron-11.png,224,224
Black-naped Oriole,94,86,42,35,Black-naped Oriole-4.png,224,224
Yellow-vented Bulbul,66,97,94,48,Yellow-vented Bulbul-48.png,224,224
Olive-backed Sunbird,67,77,115,82,Olive-backed Sunbird-19.png,224,224
Spotted Dove,51,64,134,82,Spotted Dove-133.png,224,224
Collared Kingfisher,34,39,92,137,Collared Kingfisher-56.png,224,224
Collared Kingfisher,65,62,70,117,Collared Kingfisher-21.png,224,224
Olive-backed Sunbird,80,78,66,52,Olive-backed Sunbird-82.png,224,224
White-breasted Waterhen,77,101,31,28,White-breasted Waterhen-131.png,224,224
Javan Myna,90,132,32,30,Javan Myna-19.png,224,224
Black-naped Oriole,105,114,29,34,Black-naped Oriole-88.png,224,224
Olive-backed Sunbird,49,68,115,102,Olive-backed Sunbird-28.png,224,224
Spotted Dove,37,67,91,83,Spotted Dove-13.png,224,224
Brown-throated Sunbird,93,118,44,34,Brown-throated Sunbird-43.png,224,224
Yellow-vented Bulbul,101,75,75,85,Yellow-vented Bulbul-52.png,224,224
Javan Myna,51,54,108,113,Javan Myna-23.png,224,224
Black-naped Oriole,83,82,79,99,Black-naped Oriole-43.png,224,224
Collared Kingfisher,92,110,45,37,Collared Kingfisher-94.png,224,224
Black-naped Oriole,41,29,124,173,Black-naped Oriole-94.png,224,224
Pink-necked Green Pigeon,27,63,130,155,Pink-necked Green Pigeon-95.png,224,224
Spotted Dove,64,81,84,124,Spotted Dove-23.png,224,224
Collared Kingfisher,48,35,126,149,Collared Kingfisher-52.png,224,224
Javan Myna,107,69,65,76,Javan Myna-20.png,224,224
Yellow-vented Bulbul,25,115,120,92,Yellow-vented Bulbul-38.png,224,224
Yellow-vented Bulbul,115,88,38,37,Yellow-vented Bulbul-65.png,224,224
Collared Kingfisher,81,88,84,88,Collared Kingfisher-47.png,224,224
Olive-backed Sunbird,70,16,110,159,Olive-backed Sunbird-108.png,224,224
Black-naped Oriole,81,125,24,16,Black-naped Oriole-39.png,224,224
Collared Kingfisher,156,50,22,37,Collared Kingfisher-25.png,224,224
Pink-necked Green Pigeon,86,87,54,65,Pink-necked Green Pigeon-59.png,224,224
Spotted Dove,89,111,52,59,Spotted Dove-0.png,224,224
Yellow-vented Bulbul,86,30,130,70,Yellow-vented Bulbul-95.png,224,224
Yellow-vented Bulbul,77,72,49,43,Yellow-vented Bulbul-102.png,224,224
Brown-throated Sunbird,112,78,70,67,Brown-throated Sunbird-127.png,224,224
Yellow-vented Bulbul,5,35,129,135,Yellow-vented Bulbul-107.png,224,224
Pink-necked Green Pigeon,37,31,174,158,Pink-necked Green Pigeon-6.png,224,224
Pink-necked Green Pigeon,86,131,23,39,Pink-necked Green Pigeon-53.png,224,224
Olive-backed Sunbird,35,40,179,151,Olive-backed Sunbird-57.png,224,224
Olive-backed Sunbird,32,0,108,146,Olive-backed Sunbird-86.png,224,224
Brown-throated Sunbird,74,82,119,99,Brown-throated Sunbird-4.png,224,224
Striated Heron,118,127,69,97,Striated Heron-85.png,224,224
White-breasted Waterhen,33,84,165,76,White-breasted Waterhen-119.png,224,224
Collared Kingfisher,96,111,30,35,Collared Kingfisher-106.png,224,224
Collared Kingfisher,118,80,28,42,Collared Kingfisher-49.png,224,224
Pink-necked Green Pigeon,149,110,23,22,Pink-necked Green Pigeon-0.png,224,224
Striated Heron,35,74,181,150,Striated Heron-32.png,224,224
Black-naped Oriole,90,87,23,56,Black-naped Oriole-108.png,224,224
Spotted Dove,0,75,54,28,Spotted Dove-130.png,224,224
White-breasted Waterhen,21,31,189,170,White-breasted Waterhen-45.png,224,224
White-breasted Waterhen,109,87,29,19,White-breasted Waterhen-26.png,224,224
White-breasted Waterhen,66,98,65,55,White-breasted Waterhen-20.png,224,224
Striated Heron,51,87,91,111,Striated Heron-25.png,224,224
Collared Kingfisher,31,156,21,33,Collared Kingfisher-36.png,224,224
Javan Myna,107,132,19,30,Javan Myna-95.png,224,224
Striated Heron,150,75,36,29,Striated Heron-35.png,224,224
Javan Myna,75,89,22,46,Javan Myna-101.png,224,224
Black-naped Oriole,92,12,27,14,Black-naped Oriole-47.png,224,224
Pink-necked Green Pigeon,66,119,91,60,Pink-necked Green Pigeon-23.png,224,224
Javan Myna,50,97,43,104,Javan Myna-51.png,224,224
Brown-throated Sunbird,43,103,139,59,Brown-throated Sunbird-110.png,224,224
White-breasted Waterhen,82,108,112,116,White-breasted Waterhen-38.png,224,224
Pink-necked Green Pigeon,0,52,219,136,Pink-necked Green Pigeon-93.png,224,224
Javan Myna,72,118,9,23,Javan Myna-9.png,224,224
Black-naped Oriole,91,118,38,24,Black-naped Oriole-34.png,224,224
White-breasted Waterhen,108,105,33,38,White-breasted Waterhen-51.png,224,224
Spotted Dove,96,77,58,44,Spotted Dove-64.png,224,224
Spotted Dove,93,77,73,74,Spotted Dove-42.png,224,224
Brown-throated Sunbird,84,96,63,31,Brown-throated Sunbird-109.png,224,224
Javan Myna,52,54,127,140,Javan Myna-8.png,224,224
Striated Heron,60,65,105,94,Striated Heron-124.png,224,224
Collared Kingfisher,92,64,38,100,Collared Kingfisher-74.png,224,224
Black-naped Oriole,91,92,73,51,Black-naped Oriole-1.png,224,224
Pink-necked Green Pigeon,125,60,41,79,Pink-necked Green Pigeon-37.png,224,224
Striated Heron,45,68,67,107,Striated Heron-36.png,224,224
Collared Kingfisher,104,66,47,81,Collared Kingfisher-36.png,224,224
Pink-necked Green Pigeon,169,101,23,30,Pink-necked Green Pigeon-53.png,224,224
Brown-throated Sunbird,84,26,80,108,Brown-throated Sunbird-48.png,224,224
Collared Kingfisher,84,64,64,112,Collared Kingfisher-105.png,224,224
Collared Kingfisher,83,93,92,106,Collared Kingfisher-40.png,224,224
